"Id","Path","Slice Name","Alias(s)","Label","Min","Max","Must Support?","Is Modifier?","Is Summary?","Type(s)","Short","Definition","Comments","Requirements","Default Value","Meaning When Missing","Fixed Value","Pattern","Example","Minimum Value","Maximum Value","Maximum Length","Binding Strength","Binding Description","Binding Value Set","Code","Slicing Discriminator","Slicing Description","Slicing Ordered","Slicing Rules","Base Path","Base Min","Base Max","Condition(s)","Constraint(s)","Mapping: IDMP Mapping","Mapping: FiveWs Pattern Mapping","Mapping: RIM Mapping"
"SubstanceDefinition","SubstanceDefinition","","","",0,*,"","","","","The detailed description of a substance, typically at a level beyond what is used for prescribing","The detailed description of a substance, typically at a level beyond what is used for prescribing.","","","","","","","","","",,,,,"",,,,"SubstanceDefinition",0,*,"","","Substance (and derived classes: Chemical, Polymer, Protein, Nucleic_Acid, Structurally_Diverse)","administrative.medication","Entity. Role, or Act"
"SubstanceDefinition.id","SubstanceDefinition.id","","","",0,1,"","","Y","id {[]} {[]}
","Logical id of this artifact","The logical id of the resource, as used in the URL for the resource. Once assigned, this value never changes.","Within the context of the FHIR RESTful interactions, the resource has an id except for cases like the create and conditional update. Otherwise, the use of the resouce id depends on the given use case.","","","","","","","","",,,,,"",,,,"Resource.id",0,1,"",""
"SubstanceDefinition.meta","SubstanceDefinition.meta","","","",0,1,"","","Y","Meta {[]} {[]}
","Metadata about the resource","The metadata about the resource. This is content that is maintained by the infrastructure. Changes to the content might not always be associated with version changes to the resource.","","","","","","","","","",,,,,"",,,,"Resource.meta",0,1,"","ele-1:All FHIR elements must have a @value or children {hasValue() or (children().count() > id.count())}
"
"SubstanceDefinition.implicitRules","SubstanceDefinition.implicitRules","","","",0,1,"","Y","Y","uri {[]} {[]}
","A set of rules under which this content was created","A reference to a set of rules that were followed when the resource was constructed, and which must be understood when processing the content. Often, this is a reference to an implementation guide that defines the special rules along with other profiles etc.","Asserting this rule set restricts the content to be only understood by a limited set of trading partners. This inherently limits the usefulness of the data in the long term. However, the existing health eco-system is highly fractured, and not yet ready to define, collect, and exchange data in a generally computable sense. Wherever possible, implementers and/or specification writers should avoid using this element. Often, when used, the URL is a reference to an implementation guide that defines these special rules as part of it's narrative along with other profiles, value sets, etc.","","","","","","","","",,,,,"",,,,"Resource.implicitRules",0,1,"","ele-1:All FHIR elements must have a @value or children {hasValue() or (children().count() > id.count())}
"
"SubstanceDefinition.language","SubstanceDefinition.language","","","",0,1,"","","","code {[]} {[]}
","Language of the resource content","The base language in which the resource is written.","Language is provided to support indexing and accessibility (typically, services such as text to speech use the language tag). The html language tag in the narrative applies  to the narrative. The language tag on the resource may be used to specify the language of other presentations generated from the data in the resource. Not all the content has to be in the base language. The Resource.language should not be assumed to apply to the narrative automatically. If a language is specified, it should it also be specified on the div element in the html (see rules in HTML5 for information about the relationship between xml:lang and the html lang attribute).","","","","","","","","",,"preferred","IETF language tag","http://hl7.org/fhir/ValueSet/languages","",,,,"Resource.language",0,1,"","ele-1:All FHIR elements must have a @value or children {hasValue() or (children().count() > id.count())}
"
"SubstanceDefinition.text","SubstanceDefinition.text","","narrative
htmlxhtmldisplay","",0,1,"","","","Narrative {[]} {[]}
","Text summary of the resource, for human interpretation","A human-readable narrative that contains a summary of the resource and can be used to represent the content of the resource to a human. The narrative need not encode all the structured data, but is required to contain sufficient detail to make it ""clinically safe"" for a human to just read the narrative. Resource definitions may define what content should be represented in the narrative to ensure clinical safety.","Contained resources do not have a narrative. Resources that are not contained SHOULD have a narrative. In some cases, a resource may only have text with little or no additional discrete data (as long as all minOccurs=1 elements are satisfied).  This may be necessary for data from legacy systems where information is captured as a ""text blob"" or where text is additionally entered raw or narrated and encoded information is added later.","","","","","","","","",,,,,"",,,,"DomainResource.text",0,1,"","ele-1:All FHIR elements must have a @value or children {hasValue() or (children().count() > id.count())}
","Act.text?"
"SubstanceDefinition.contained","SubstanceDefinition.contained","","inline resources
anonymous resourcescontained resources","",0,*,"","","","Resource {[]} {[]}
","Contained, inline Resources","These resources do not have an independent existence apart from the resource that contains them - they cannot be identified independently, nor can they have their own independent transaction scope. This is allowed to be a Parameters resource if and only if it is referenced by a resource that provides context/meaning.","This should never be done when the content can be identified properly, as once identification is lost, it is extremely difficult (and context dependent) to restore it again. Contained resources may have profiles and tags in their meta elements, but SHALL NOT have security labels.","","","","","","","","",,,,,"",,,,"DomainResource.contained",0,*,"","","N/A"
"SubstanceDefinition.extension","SubstanceDefinition.extension","","extensions
user content","",0,*,"","","","Extension {[]} {[]}
","Additional content defined by implementations","May be used to represent additional information that is not part of the basic definition of the resource. To make the use of extensions safe and manageable, there is a strict set of governance  applied to the definition and use of extensions. Though any implementer can define an extension, there is a set of requirements that SHALL be met as part of the definition of the extension.","There can be no stigma associated with the use of extensions by any application, project, or standard - regardless of the institution or jurisdiction that uses or defines the extensions.  The use of extensions is what allows the FHIR specification to retain a core level of simplicity for everyone.","","","","","","","","",,,,,"",,,,"DomainResource.extension",0,*,"","ele-1:All FHIR elements must have a @value or children {hasValue() or (children().count() > id.count())}
ext-1:Must have either extensions or value[x], not both {extension.exists() != value.exists()}","N/A"
"SubstanceDefinition.modifierExtension","SubstanceDefinition.modifierExtension","","extensions
user content","",0,*,"","Y","Y","Extension {[]} {[]}
","Extensions that cannot be ignored","May be used to represent additional information that is not part of the basic definition of the resource and that modifies the understanding of the element that contains it and/or the understanding of the containing element's descendants. Usually modifier elements provide negation or qualification. To make the use of extensions safe and manageable, there is a strict set of governance applied to the definition and use of extensions. Though any implementer is allowed to define an extension, there is a set of requirements that SHALL be met as part of the definition of the extension. Applications processing a resource are required to check for modifier extensions.

Modifier extensions SHALL NOT change the meaning of any elements on Resource or DomainResource (including cannot change the meaning of modifierExtension itself).","There can be no stigma associated with the use of extensions by any application, project, or standard - regardless of the institution or jurisdiction that uses or defines the extensions.  The use of extensions is what allows the FHIR specification to retain a core level of simplicity for everyone.","Modifier extensions allow for extensions that *cannot* be safely ignored to be clearly distinguished from the vast majority of extensions which can be safely ignored.  This promotes interoperability by eliminating the need for implementers to prohibit the presence of extensions. For further information, see the [definition of modifier extensions](http://hl7.org/fhir/5.0.0-snapshot3/extensibility.html#modifierExtension).","","","","","","","",,,,,"",,,,"DomainResource.modifierExtension",0,*,"","ele-1:All FHIR elements must have a @value or children {hasValue() or (children().count() > id.count())}
ext-1:Must have either extensions or value[x], not both {extension.exists() != value.exists()}","N/A"
"SubstanceDefinition.identifier","SubstanceDefinition.identifier","","","",0,*,"","","Y","Identifier {[]} {[]}
","An identifier or code by which the SubstanceDefinition can be referenced.","Identifier by which this substance is known.","","","","","","","","","",,,,,"",,,,"SubstanceDefinition.identifier",0,*,"","ele-1:All FHIR elements must have a @value or children {hasValue() or (children().count() > id.count())}
","Substance.Substance_Id"
"SubstanceDefinition.version","SubstanceDefinition.version","","","",0,1,"","","Y","string {[]} {[]}
","A business level version identifier of the substance","A business level version identifier of the substance.","","","","","","","","","",,,,,"",,,,"SubstanceDefinition.version",0,1,"","ele-1:All FHIR elements must have a @value or children {hasValue() or (children().count() > id.count())}
","Version.Version_Number"
"SubstanceDefinition.status","SubstanceDefinition.status","","","",0,1,"","","Y","CodeableConcept {[]} {[]}
","draft|active|retired|unknown","Status of substance within the catalogue e.g. active, retired.","","","","","","","","","",,"preferred","The lifecycle status of an artifact.","http://hl7.org/fhir/ValueSet/publication-status","",,,,"SubstanceDefinition.status",0,1,"","ele-1:All FHIR elements must have a @value or children {hasValue() or (children().count() > id.count())}
","n/a"
"SubstanceDefinition.classification","SubstanceDefinition.classification","","","",0,*,"","","Y","CodeableConcept {[]} {[]}
","A categorization, high level e.g. polymer or nucleic acid, or food, chemical, biological, or lower e.g. polymer linear or branch chain, or type of impurity","A high level categorization, e.g. polymer or nucleic acid, or food, chemical, biological, or a lower level such as the general types of polymer (linear or branch chain) or type of impurity (process related or contaminant).","","","","","","","","","",,,,,"",,,,"SubstanceDefinition.classification",0,*,"","ele-1:All FHIR elements must have a @value or children {hasValue() or (children().count() > id.count())}
","Substance_Classification.Substance_Classification and Substance_classification.Substance_Classification_Subtype"
"SubstanceDefinition.domain","SubstanceDefinition.domain","","","",0,1,"","","Y","CodeableConcept {[]} {[]}
","If the substance applies to human or veterinary use","If the substance applies to human or veterinary use.","","","","","","","","","",,"preferred","","http://hl7.org/fhir/ValueSet/medicinal-product-domain","",,,,"SubstanceDefinition.domain",0,1,"","ele-1:All FHIR elements must have a @value or children {hasValue() or (children().count() > id.count())}
","Substance_Classification.Substance_Classification (and Code and Type) and Substance_Classification.Substance_Classification_Subtype"
"SubstanceDefinition.grade","SubstanceDefinition.grade","","","",0,*,"","","Y","CodeableConcept {[]} {[]}
","The quality standard, established benchmark, to which substance complies (e.g. USP/NF, BP)","The quality standard, established benchmark, to which substance complies (e.g. USP/NF, Ph. Eur, JP, BP, Company Standard).","","","","","","","","","",,"example","The quality standard, established benchmark, to which a substance complies","http://hl7.org/fhir/ValueSet/substance-grade","",,,,"SubstanceDefinition.grade",0,*,"","ele-1:All FHIR elements must have a @value or children {hasValue() or (children().count() > id.count())}
","Substance_Specified_Substance_Group_3.Grade"
"SubstanceDefinition.description","SubstanceDefinition.description","","","",0,1,"","","Y","markdown {[]} {[]}
","Textual description of the substance.","Textual description of the substance.","","","","","","","","","",,,,,"",,,,"SubstanceDefinition.description",0,1,"","ele-1:All FHIR elements must have a @value or children {hasValue() or (children().count() > id.count())}
","Substance.Comment"
"SubstanceDefinition.informationSource","SubstanceDefinition.informationSource","","","",0,*,"","","Y","Reference {[]} {[CanonicalType[http://hl7.org/fhir/StructureDefinition/Citation]]}
","Supporting literature","Supporting literature.","","","","","","","","","",,,,,"",,,,"SubstanceDefinition.informationSource",0,*,"","ele-1:All FHIR elements must have a @value or children {hasValue() or (children().count() > id.count())}
","Substance.Reference_Source"
"SubstanceDefinition.note","SubstanceDefinition.note","","","",0,*,"","","Y","Annotation {[]} {[]}
","Textual comment about the substance's catalogue or registry record","Textual comment about the substance's catalogue or registry record.","","","","","","","","","",,,,,"",,,,"SubstanceDefinition.note",0,*,"","ele-1:All FHIR elements must have a @value or children {hasValue() or (children().count() > id.count())}
","n/a"
"SubstanceDefinition.manufacturer","SubstanceDefinition.manufacturer","","","",0,*,"","","Y","Reference {[]} {[CanonicalType[http://hl7.org/fhir/uv/emedicinal-product-info/StructureDefinition/Organization-uv-epi]]}
","The entity that creates, makes, produces or fabricates the substance","The entity that creates, makes, produces or fabricates the substance. This is a set of potential manufacturers but is not necessarily comprehensive.","","","","","","","","","",,,,,"",,,,"SubstanceDefinition.manufacturer",0,*,"","ele-1:All FHIR elements must have a @value or children {hasValue() or (children().count() > id.count())}
","n/a"
"SubstanceDefinition.supplier","SubstanceDefinition.supplier","","","",0,*,"","","Y","Reference {[]} {[CanonicalType[http://hl7.org/fhir/StructureDefinition/Organization]]}
","An entity that is the source for the substance. It may be different from the manufacturer","An entity that is the source for the substance. It may be different from the manufacturer. Supplier is synonymous to a distributor.","","","","","","","","","",,,,,"",,,,"SubstanceDefinition.supplier",0,*,"","ele-1:All FHIR elements must have a @value or children {hasValue() or (children().count() > id.count())}
","n/a"
"SubstanceDefinition.moiety","SubstanceDefinition.moiety","","","",0,*,"","","Y","BackboneElement {[]} {[]}
","Moiety, for structural modifications","Moiety, for structural modifications.","","","","","","","","","",,,,,"",,,,"SubstanceDefinition.moiety",0,*,"","ele-1:All FHIR elements must have a @value or children {hasValue() or (children().count() > id.count())}
","Substance.Moiety"
"SubstanceDefinition.moiety.id","SubstanceDefinition.moiety.id","","","",0,1,"","","","string {[]} {[]}
","Unique id for inter-element referencing","Unique id for the element within a resource (for internal references). This may be any string value that does not contain spaces.","","","","","","","","","",,,,,"",,,,"Element.id",0,1,"","","n/a"
"SubstanceDefinition.moiety.extension","SubstanceDefinition.moiety.extension","","extensions
user content","",0,*,"","","","Extension {[]} {[]}
","Additional content defined by implementations","May be used to represent additional information that is not part of the basic definition of the element. To make the use of extensions safe and manageable, there is a strict set of governance  applied to the definition and use of extensions. Though any implementer can define an extension, there is a set of requirements that SHALL be met as part of the definition of the extension.","There can be no stigma associated with the use of extensions by any application, project, or standard - regardless of the institution or jurisdiction that uses or defines the extensions.  The use of extensions is what allows the FHIR specification to retain a core level of simplicity for everyone.","","","","","","","","",,,,,"",,,,"Element.extension",0,*,"","ele-1:All FHIR elements must have a @value or children {hasValue() or (children().count() > id.count())}
ext-1:Must have either extensions or value[x], not both {extension.exists() != value.exists()}","n/a"
"SubstanceDefinition.moiety.modifierExtension","SubstanceDefinition.moiety.modifierExtension","","extensions
user contentmodifiers","",0,*,"","Y","Y","Extension {[]} {[]}
","Extensions that cannot be ignored even if unrecognized","May be used to represent additional information that is not part of the basic definition of the element and that modifies the understanding of the element in which it is contained and/or the understanding of the containing element's descendants. Usually modifier elements provide negation or qualification. To make the use of extensions safe and manageable, there is a strict set of governance applied to the definition and use of extensions. Though any implementer can define an extension, there is a set of requirements that SHALL be met as part of the definition of the extension. Applications processing a resource are required to check for modifier extensions.

Modifier extensions SHALL NOT change the meaning of any elements on Resource or DomainResource (including cannot change the meaning of modifierExtension itself).","There can be no stigma associated with the use of extensions by any application, project, or standard - regardless of the institution or jurisdiction that uses or defines the extensions.  The use of extensions is what allows the FHIR specification to retain a core level of simplicity for everyone.","Modifier extensions allow for extensions that *cannot* be safely ignored to be clearly distinguished from the vast majority of extensions which can be safely ignored.  This promotes interoperability by eliminating the need for implementers to prohibit the presence of extensions. For further information, see the [definition of modifier extensions](http://hl7.org/fhir/5.0.0-snapshot3/extensibility.html#modifierExtension).","","","","","","","",,,,,"",,,,"BackboneElement.modifierExtension",0,*,"","ele-1:All FHIR elements must have a @value or children {hasValue() or (children().count() > id.count())}
ext-1:Must have either extensions or value[x], not both {extension.exists() != value.exists()}","N/A"
"SubstanceDefinition.moiety.role","SubstanceDefinition.moiety.role","","","",0,1,"","","Y","CodeableConcept {[]} {[]}
","Role that the moiety is playing","Role that the moiety is playing.","","","","","","","","","",,,,,"",,,,"SubstanceDefinition.moiety.role",0,1,"","ele-1:All FHIR elements must have a @value or children {hasValue() or (children().count() > id.count())}
","Moiety.Moiety_Role"
"SubstanceDefinition.moiety.identifier","SubstanceDefinition.moiety.identifier","","","",0,1,"","","Y","Identifier {[]} {[]}
","Identifier by which this moiety substance is known","Identifier by which this moiety substance is known.","","","","","","","","","",,,,,"",,,,"SubstanceDefinition.moiety.identifier",0,1,"","ele-1:All FHIR elements must have a @value or children {hasValue() or (children().count() > id.count())}
","Moiety.Moiety_Id"
"SubstanceDefinition.moiety.name","SubstanceDefinition.moiety.name","","","",0,1,"","","Y","string {[]} {[]}
","Textual name for this moiety substance","Textual name for this moiety substance.","","","","","","","","","",,,,,"",,,,"SubstanceDefinition.moiety.name",0,1,"","ele-1:All FHIR elements must have a @value or children {hasValue() or (children().count() > id.count())}
","Moiety.Moiety_Name"
"SubstanceDefinition.moiety.stereochemistry","SubstanceDefinition.moiety.stereochemistry","","","",0,1,"","","Y","CodeableConcept {[]} {[]}
","Stereochemistry type","Stereochemistry type.","","","","","","","","","",,"example","The optical rotation type of a substance.","http://hl7.org/fhir/ValueSet/substance-stereochemistry","",,,,"SubstanceDefinition.moiety.stereochemistry",0,1,"","ele-1:All FHIR elements must have a @value or children {hasValue() or (children().count() > id.count())}
","Moiety.Stereochemistry"
"SubstanceDefinition.moiety.opticalActivity","SubstanceDefinition.moiety.opticalActivity","","","",0,1,"","","Y","CodeableConcept {[]} {[]}
","Optical activity type","Optical activity type.","","","","","","","","","",,"example","The optical rotation type of a substance.","http://hl7.org/fhir/ValueSet/substance-optical-activity","",,,,"SubstanceDefinition.moiety.opticalActivity",0,1,"","ele-1:All FHIR elements must have a @value or children {hasValue() or (children().count() > id.count())}
","Moiety.Optical_Activity"
"SubstanceDefinition.moiety.molecularFormula","SubstanceDefinition.moiety.molecularFormula","","","",0,1,"","","Y","string {[]} {[]}
","Molecular formula for this moiety (e.g. with the Hill system)","Molecular formula for this moiety of this substance, typically using the Hill system.","","","","","","","","","",,,,,"",,,,"SubstanceDefinition.moiety.molecularFormula",0,1,"","ele-1:All FHIR elements must have a @value or children {hasValue() or (children().count() > id.count())}
","Moiety.Molecular_Formula"
"SubstanceDefinition.moiety.amount[x]","SubstanceDefinition.moiety.amount[x]","","","",0,1,"","","Y","Quantity {[]} {[]}
string {[]} {[]}","Quantitative value for this moiety","Quantitative value for this moiety.","","","","","","","","","",,,,,"",,,,"SubstanceDefinition.moiety.amount[x]",0,1,"","ele-1:All FHIR elements must have a @value or children {hasValue() or (children().count() > id.count())}
","Moiety.Amount"
"SubstanceDefinition.moiety.measurementType","SubstanceDefinition.moiety.measurementType","","","",0,1,"","","Y","CodeableConcept {[]} {[]}
","The measurement type of the quantitative value","The measurement type of the quantitative value. In capturing the actual relative amounts of substances or molecular fragments it may be necessary to indicate whether the amount refers to, for example, a mole ratio or weight ratio.","","","","","","","","","",,"example","The relationship between two substance types.","http://hl7.org/fhir/ValueSet/substance-amount-type","",,,,"SubstanceDefinition.moiety.measurementType",0,1,"","ele-1:All FHIR elements must have a @value or children {hasValue() or (children().count() > id.count())}
","Amount.Amount_Type"
"SubstanceDefinition.characterization","SubstanceDefinition.characterization","","","",0,*,"","","Y","BackboneElement {[]} {[]}
","General specifications for this substance","General specifications for this substance.","","","","","","","","","",,,,,"",,,,"SubstanceDefinition.characterization",0,*,"","ele-1:All FHIR elements must have a @value or children {hasValue() or (children().count() > id.count())}
","n/a"
"SubstanceDefinition.characterization.id","SubstanceDefinition.characterization.id","","","",0,1,"","","","string {[]} {[]}
","Unique id for inter-element referencing","Unique id for the element within a resource (for internal references). This may be any string value that does not contain spaces.","","","","","","","","","",,,,,"",,,,"Element.id",0,1,"","","n/a"
"SubstanceDefinition.characterization.extension","SubstanceDefinition.characterization.extension","","extensions
user content","",0,*,"","","","Extension {[]} {[]}
","Additional content defined by implementations","May be used to represent additional information that is not part of the basic definition of the element. To make the use of extensions safe and manageable, there is a strict set of governance  applied to the definition and use of extensions. Though any implementer can define an extension, there is a set of requirements that SHALL be met as part of the definition of the extension.","There can be no stigma associated with the use of extensions by any application, project, or standard - regardless of the institution or jurisdiction that uses or defines the extensions.  The use of extensions is what allows the FHIR specification to retain a core level of simplicity for everyone.","","","","","","","","",,,,,"",,,,"Element.extension",0,*,"","ele-1:All FHIR elements must have a @value or children {hasValue() or (children().count() > id.count())}
ext-1:Must have either extensions or value[x], not both {extension.exists() != value.exists()}","n/a"
"SubstanceDefinition.characterization.modifierExtension","SubstanceDefinition.characterization.modifierExtension","","extensions
user contentmodifiers","",0,*,"","Y","Y","Extension {[]} {[]}
","Extensions that cannot be ignored even if unrecognized","May be used to represent additional information that is not part of the basic definition of the element and that modifies the understanding of the element in which it is contained and/or the understanding of the containing element's descendants. Usually modifier elements provide negation or qualification. To make the use of extensions safe and manageable, there is a strict set of governance applied to the definition and use of extensions. Though any implementer can define an extension, there is a set of requirements that SHALL be met as part of the definition of the extension. Applications processing a resource are required to check for modifier extensions.

Modifier extensions SHALL NOT change the meaning of any elements on Resource or DomainResource (including cannot change the meaning of modifierExtension itself).","There can be no stigma associated with the use of extensions by any application, project, or standard - regardless of the institution or jurisdiction that uses or defines the extensions.  The use of extensions is what allows the FHIR specification to retain a core level of simplicity for everyone.","Modifier extensions allow for extensions that *cannot* be safely ignored to be clearly distinguished from the vast majority of extensions which can be safely ignored.  This promotes interoperability by eliminating the need for implementers to prohibit the presence of extensions. For further information, see the [definition of modifier extensions](http://hl7.org/fhir/5.0.0-snapshot3/extensibility.html#modifierExtension).","","","","","","","",,,,,"",,,,"BackboneElement.modifierExtension",0,*,"","ele-1:All FHIR elements must have a @value or children {hasValue() or (children().count() > id.count())}
ext-1:Must have either extensions or value[x], not both {extension.exists() != value.exists()}","N/A"
"SubstanceDefinition.characterization.technique","SubstanceDefinition.characterization.technique","","","",0,1,"","","Y","CodeableConcept {[]} {[]}
","The method used to find the characterization e.g. HPLC","The method used to elucidate the characterization of the drug substance. Example: HPLC.","","","","","","","","","",,"example","The method used to elucidate the characterization of the drug substance.","http://hl7.org/fhir/ValueSet/substance-structure-technique","",,,,"SubstanceDefinition.characterization.technique",0,1,"","ele-1:All FHIR elements must have a @value or children {hasValue() or (children().count() > id.count())}
","n/a"
"SubstanceDefinition.characterization.form","SubstanceDefinition.characterization.form","","","",0,1,"","","Y","CodeableConcept {[]} {[]}
","The specific chemical entity of the substance being characterized, to distinguish for example salt or base","The specific chemical entity of the substance being characterized, to distinguish for example salt or base.","","","","","","","","","",,"example","","http://hl7.org/fhir/ValueSet/substance-form","",,,,"SubstanceDefinition.characterization.form",0,1,"","ele-1:All FHIR elements must have a @value or children {hasValue() or (children().count() > id.count())}
","n/a"
"SubstanceDefinition.characterization.description","SubstanceDefinition.characterization.description","","","",0,1,"","","Y","markdown {[]} {[]}
","Narrative text, data, tables about the characterization","Narrative text, data, tables about the characterization.","","","","","","","","","",,,,,"",,,,"SubstanceDefinition.characterization.description",0,1,"","ele-1:All FHIR elements must have a @value or children {hasValue() or (children().count() > id.count())}
","n/a"
"SubstanceDefinition.characterization.file","SubstanceDefinition.characterization.file","","","",0,*,"","","Y","Attachment {[]} {[]}
","An image or data file that characterizes this substance","An image or data file that characterizes this substance.","","","","","","","","","",,,,,"",,,,"SubstanceDefinition.characterization.file",0,*,"","ele-1:All FHIR elements must have a @value or children {hasValue() or (children().count() > id.count())}
","n/a"
"SubstanceDefinition.property","SubstanceDefinition.property","","","",0,*,"","","Y","BackboneElement {[]} {[]}
","General specifications for this substance","General specifications for this substance.","","","","","","","","","",,,,,"",,,,"SubstanceDefinition.property",0,*,"","ele-1:All FHIR elements must have a @value or children {hasValue() or (children().count() > id.count())}
","Substance.Property"
"SubstanceDefinition.property.id","SubstanceDefinition.property.id","","","",0,1,"","","","string {[]} {[]}
","Unique id for inter-element referencing","Unique id for the element within a resource (for internal references). This may be any string value that does not contain spaces.","","","","","","","","","",,,,,"",,,,"Element.id",0,1,"","","n/a"
"SubstanceDefinition.property.extension","SubstanceDefinition.property.extension","","extensions
user content","",0,*,"","","","Extension {[]} {[]}
","Additional content defined by implementations","May be used to represent additional information that is not part of the basic definition of the element. To make the use of extensions safe and manageable, there is a strict set of governance  applied to the definition and use of extensions. Though any implementer can define an extension, there is a set of requirements that SHALL be met as part of the definition of the extension.","There can be no stigma associated with the use of extensions by any application, project, or standard - regardless of the institution or jurisdiction that uses or defines the extensions.  The use of extensions is what allows the FHIR specification to retain a core level of simplicity for everyone.","","","","","","","","",,,,,"",,,,"Element.extension",0,*,"","ele-1:All FHIR elements must have a @value or children {hasValue() or (children().count() > id.count())}
ext-1:Must have either extensions or value[x], not both {extension.exists() != value.exists()}","n/a"
"SubstanceDefinition.property.modifierExtension","SubstanceDefinition.property.modifierExtension","","extensions
user contentmodifiers","",0,*,"","Y","Y","Extension {[]} {[]}
","Extensions that cannot be ignored even if unrecognized","May be used to represent additional information that is not part of the basic definition of the element and that modifies the understanding of the element in which it is contained and/or the understanding of the containing element's descendants. Usually modifier elements provide negation or qualification. To make the use of extensions safe and manageable, there is a strict set of governance applied to the definition and use of extensions. Though any implementer can define an extension, there is a set of requirements that SHALL be met as part of the definition of the extension. Applications processing a resource are required to check for modifier extensions.

Modifier extensions SHALL NOT change the meaning of any elements on Resource or DomainResource (including cannot change the meaning of modifierExtension itself).","There can be no stigma associated with the use of extensions by any application, project, or standard - regardless of the institution or jurisdiction that uses or defines the extensions.  The use of extensions is what allows the FHIR specification to retain a core level of simplicity for everyone.","Modifier extensions allow for extensions that *cannot* be safely ignored to be clearly distinguished from the vast majority of extensions which can be safely ignored.  This promotes interoperability by eliminating the need for implementers to prohibit the presence of extensions. For further information, see the [definition of modifier extensions](http://hl7.org/fhir/5.0.0-snapshot3/extensibility.html#modifierExtension).","","","","","","","",,,,,"",,,,"BackboneElement.modifierExtension",0,*,"","ele-1:All FHIR elements must have a @value or children {hasValue() or (children().count() > id.count())}
ext-1:Must have either extensions or value[x], not both {extension.exists() != value.exists()}","N/A"
"SubstanceDefinition.property.type","SubstanceDefinition.property.type","","","",1,1,"","","Y","CodeableConcept {[]} {[]}
","A code expressing the type of property","A code expressing the type of property.","","","","","","","","","",,"example","This value set includes all observable entity codes from SNOMED CT - provided as an exemplar value set.","http://hl7.org/fhir/ValueSet/product-characteristic-codes","",,,,"SubstanceDefinition.property.type",1,1,"","ele-1:All FHIR elements must have a @value or children {hasValue() or (children().count() > id.count())}
","Property.Property_Type"
"SubstanceDefinition.property.value[x]","SubstanceDefinition.property.value[x]","","","",0,1,"","","Y","CodeableConcept {[]} {[]}
Quantity {[]} {[]}date {[]} {[]}boolean {[]} {[]}Attachment {[]} {[]}","A value for the property","A value for the property.","","","","","","","","","",,,,,"",,,,"SubstanceDefinition.property.value[x]",0,1,"","ele-1:All FHIR elements must have a @value or children {hasValue() or (children().count() > id.count())}
","Physical Characteristics, attribute's value"
"SubstanceDefinition.referenceInformation","SubstanceDefinition.referenceInformation","","","",0,1,"","","Y","Reference {[]} {[CanonicalType[http://hl7.org/fhir/StructureDefinition/SubstanceReferenceInformation]]}
","General information detailing this substance","General information detailing this substance.","","","","","","","","","",,,,,"",,,,"SubstanceDefinition.referenceInformation",0,1,"","ele-1:All FHIR elements must have a @value or children {hasValue() or (children().count() > id.count())}
","Reference_Information"
"SubstanceDefinition.molecularWeight","SubstanceDefinition.molecularWeight","","","",0,*,"","","Y","BackboneElement {[]} {[]}
","The average mass of a molecule of a compound","The average mass of a molecule of a compound compared to 1/12 the mass of carbon 12 and calculated as the sum of the atomic weights of the constituent atoms.","","","","","","","","","",,,,,"",,,,"SubstanceDefinition.molecularWeight",0,*,"","ele-1:All FHIR elements must have a @value or children {hasValue() or (children().count() > id.count())}
"
"SubstanceDefinition.molecularWeight.id","SubstanceDefinition.molecularWeight.id","","","",0,1,"","","","string {[]} {[]}
","Unique id for inter-element referencing","Unique id for the element within a resource (for internal references). This may be any string value that does not contain spaces.","","","","","","","","","",,,,,"",,,,"Element.id",0,1,"","","n/a"
"SubstanceDefinition.molecularWeight.extension","SubstanceDefinition.molecularWeight.extension","","extensions
user content","",0,*,"","","","Extension {[]} {[]}
","Additional content defined by implementations","May be used to represent additional information that is not part of the basic definition of the element. To make the use of extensions safe and manageable, there is a strict set of governance  applied to the definition and use of extensions. Though any implementer can define an extension, there is a set of requirements that SHALL be met as part of the definition of the extension.","There can be no stigma associated with the use of extensions by any application, project, or standard - regardless of the institution or jurisdiction that uses or defines the extensions.  The use of extensions is what allows the FHIR specification to retain a core level of simplicity for everyone.","","","","","","","","",,,,,"",,,,"Element.extension",0,*,"","ele-1:All FHIR elements must have a @value or children {hasValue() or (children().count() > id.count())}
ext-1:Must have either extensions or value[x], not both {extension.exists() != value.exists()}","n/a"
"SubstanceDefinition.molecularWeight.modifierExtension","SubstanceDefinition.molecularWeight.modifierExtension","","extensions
user contentmodifiers","",0,*,"","Y","Y","Extension {[]} {[]}
","Extensions that cannot be ignored even if unrecognized","May be used to represent additional information that is not part of the basic definition of the element and that modifies the understanding of the element in which it is contained and/or the understanding of the containing element's descendants. Usually modifier elements provide negation or qualification. To make the use of extensions safe and manageable, there is a strict set of governance applied to the definition and use of extensions. Though any implementer can define an extension, there is a set of requirements that SHALL be met as part of the definition of the extension. Applications processing a resource are required to check for modifier extensions.

Modifier extensions SHALL NOT change the meaning of any elements on Resource or DomainResource (including cannot change the meaning of modifierExtension itself).","There can be no stigma associated with the use of extensions by any application, project, or standard - regardless of the institution or jurisdiction that uses or defines the extensions.  The use of extensions is what allows the FHIR specification to retain a core level of simplicity for everyone.","Modifier extensions allow for extensions that *cannot* be safely ignored to be clearly distinguished from the vast majority of extensions which can be safely ignored.  This promotes interoperability by eliminating the need for implementers to prohibit the presence of extensions. For further information, see the [definition of modifier extensions](http://hl7.org/fhir/5.0.0-snapshot3/extensibility.html#modifierExtension).","","","","","","","",,,,,"",,,,"BackboneElement.modifierExtension",0,*,"","ele-1:All FHIR elements must have a @value or children {hasValue() or (children().count() > id.count())}
ext-1:Must have either extensions or value[x], not both {extension.exists() != value.exists()}","N/A"
"SubstanceDefinition.molecularWeight.method","SubstanceDefinition.molecularWeight.method","","","",0,1,"","","Y","CodeableConcept {[]} {[]}
","The method by which the weight was determined","The method by which the molecular weight was determined.","","","","","","","","","",,"example","The method by which the substance weight was measured.","http://hl7.org/fhir/ValueSet/substance-weight-method","",,,,"SubstanceDefinition.molecularWeight.method",0,1,"","ele-1:All FHIR elements must have a @value or children {hasValue() or (children().count() > id.count())}
","Molecular_Weight.Molecular_Weight_Method"
"SubstanceDefinition.molecularWeight.type","SubstanceDefinition.molecularWeight.type","","","",0,1,"","","Y","CodeableConcept {[]} {[]}
","Type of molecular weight e.g. exact, average, weight average","Type of molecular weight such as exact, average (also known as. number average), weight average.","","","","","","","","","",,"example","The type of substance weight measurement.","http://hl7.org/fhir/ValueSet/substance-weight-type","",,,,"SubstanceDefinition.molecularWeight.type",0,1,"","ele-1:All FHIR elements must have a @value or children {hasValue() or (children().count() > id.count())}
","Molecular_Weight.Molecular_Weight_Type"
"SubstanceDefinition.molecularWeight.amount","SubstanceDefinition.molecularWeight.amount","","","",1,1,"","","Y","Quantity {[]} {[]}
","The molecular weight.","Used to capture quantitative values for a variety of elements. If only limits are given, the arithmetic mean would be the average. If only a single definite value for a given element is given, it would be captured in this field.","","","","","","","","","",,,,,"",,,,"SubstanceDefinition.molecularWeight.amount",1,1,"","ele-1:All FHIR elements must have a @value or children {hasValue() or (children().count() > id.count())}
","Molecular_Weight.Amount"
"SubstanceDefinition.molecularWeight.amount.id","SubstanceDefinition.molecularWeight.amount.id","","","",0,1,"","","","id {[]} {[]}
","Unique id for inter-element referencing","Unique id for the element within a resource (for internal references). This may be any string value that does not contain spaces.","","","","","","","","","",,,,,"",,,,"Element.id",0,1,"","","n/a"
"SubstanceDefinition.molecularWeight.amount.extension","SubstanceDefinition.molecularWeight.amount.extension","","extensions
user content","",0,*,"","","","Extension {[]} {[]}
","Additional content defined by implementations","May be used to represent additional information that is not part of the basic definition of the element. To make the use of extensions safe and manageable, there is a strict set of governance  applied to the definition and use of extensions. Though any implementer can define an extension, there is a set of requirements that SHALL be met as part of the definition of the extension.","There can be no stigma associated with the use of extensions by any application, project, or standard - regardless of the institution or jurisdiction that uses or defines the extensions.  The use of extensions is what allows the FHIR specification to retain a core level of simplicity for everyone.","","","","","","","","",,,,,"","value:url}
","Extensions are always sliced by (at least) url",,"open","Element.extension",0,*,"","ele-1:All FHIR elements must have a @value or children {hasValue() or (children().count() > id.count())}
ext-1:Must have either extensions or value[x], not both {extension.exists() != value.exists()}","n/a"
"SubstanceDefinition.molecularWeight.amount.value","SubstanceDefinition.molecularWeight.amount.value","","","",0,1,"","","Y","decimal {[]} {[]}
","numerical value.","The value of the measured amount. The value includes an implicit precision in the presentation of the value.","The implicit precision in the value should always be honored. Monetary values have their own rules for handling precision (refer to standard accounting text books).","Precision is handled implicitly in almost all cases of measurement.","","","","","","","",,,,,"",,,,"Quantity.value",0,1,"","ele-1:All FHIR elements must have a @value or children {hasValue() or (children().count() > id.count())}
","PQ.value, CO.value, MO.value, IVL.high or IVL.low depending on the value"
"SubstanceDefinition.molecularWeight.amount.comparator","SubstanceDefinition.molecularWeight.amount.comparator","","","",0,1,"","Y","Y","code {[]} {[]}
","< | <= | >= | > | ad - how to understand the value","How the value should be understood and represented - whether the actual value is greater or less than the stated value due to measurement issues; e.g. if the comparator is ""<"" , then the real value is < stated value.","","Need a framework for handling measures where the value is <5ug/L or >400mg/L due to the limitations of measuring methodology.","","If there is no comparator, then there is no modification of the value","","","","","",,"required","","http://hl7.org/fhir/ValueSet/quantity-comparator|5.0.0-snapshot3","",,,,"Quantity.comparator",0,1,"","ele-1:All FHIR elements must have a @value or children {hasValue() or (children().count() > id.count())}
","IVL properties"
"SubstanceDefinition.molecularWeight.amount.unit","SubstanceDefinition.molecularWeight.amount.unit","","","",0,1,"","","Y","string {[]} {[]}
","Unit of measure.","A human-readable form of the unit.","","There are many representations for units of measure and in many contexts, particular representations are fixed and required. I.e. mcg for micrograms.","","","","","","","",,,,,"",,,,"Quantity.unit",0,1,"","ele-1:All FHIR elements must have a @value or children {hasValue() or (children().count() > id.count())}
","PQ.unit"
"SubstanceDefinition.molecularWeight.amount.system","SubstanceDefinition.molecularWeight.amount.system","","","",0,1,"","","Y","uri {[]} {[]}
","System that defines coded unit form","The identification of the system that provides the coded form of the unit.","","Need to know the system that defines the coded form of the unit.","","","","","","","",,,,,"",,,,"Quantity.system",0,1,"qty-3
","ele-1:All FHIR elements must have a @value or children {hasValue() or (children().count() > id.count())}
","CO.codeSystem, PQ.translation.codeSystem"
"SubstanceDefinition.molecularWeight.amount.code","SubstanceDefinition.molecularWeight.amount.code","","","",0,1,"","","Y","code {[]} {[]}
","coded form of the unit of measure.","A computer processable form of the unit in some unit representation system.","The preferred system is UCUM, but SNOMED CT can also be used (for customary units) or ISO 4217 for currency.  The context of use may additionally require a code from a particular system.","Need a computable form of the unit that is fixed across all forms. UCUM provides this for quantities, but SNOMED CT provides many units of interest.","","","","","","","",,,,,"",,,,"Quantity.code",0,1,"","ele-1:All FHIR elements must have a @value or children {hasValue() or (children().count() > id.count())}
","PQ.code, MO.currency, PQ.translation.code"
"SubstanceDefinition.structure","SubstanceDefinition.structure","","","",0,1,"","","Y","BackboneElement {[]} {[]}
","Structural information","Structural information.","","","","","","","","","",,,,,"",,,,"SubstanceDefinition.structure",0,1,"","ele-1:All FHIR elements must have a @value or children {hasValue() or (children().count() > id.count())}
","Substance.Structure"
"SubstanceDefinition.structure.id","SubstanceDefinition.structure.id","","","",0,1,"","","","string {[]} {[]}
","Unique id for inter-element referencing","Unique id for the element within a resource (for internal references). This may be any string value that does not contain spaces.","","","","","","","","","",,,,,"",,,,"Element.id",0,1,"","","n/a"
"SubstanceDefinition.structure.extension","SubstanceDefinition.structure.extension","","extensions
user content","",0,*,"","","","Extension {[]} {[]}
","Additional content defined by implementations","May be used to represent additional information that is not part of the basic definition of the element. To make the use of extensions safe and manageable, there is a strict set of governance  applied to the definition and use of extensions. Though any implementer can define an extension, there is a set of requirements that SHALL be met as part of the definition of the extension.","There can be no stigma associated with the use of extensions by any application, project, or standard - regardless of the institution or jurisdiction that uses or defines the extensions.  The use of extensions is what allows the FHIR specification to retain a core level of simplicity for everyone.","","","","","","","","",,,,,"",,,,"Element.extension",0,*,"","ele-1:All FHIR elements must have a @value or children {hasValue() or (children().count() > id.count())}
ext-1:Must have either extensions or value[x], not both {extension.exists() != value.exists()}","n/a"
"SubstanceDefinition.structure.modifierExtension","SubstanceDefinition.structure.modifierExtension","","extensions
user contentmodifiers","",0,*,"","Y","Y","Extension {[]} {[]}
","Extensions that cannot be ignored even if unrecognized","May be used to represent additional information that is not part of the basic definition of the element and that modifies the understanding of the element in which it is contained and/or the understanding of the containing element's descendants. Usually modifier elements provide negation or qualification. To make the use of extensions safe and manageable, there is a strict set of governance applied to the definition and use of extensions. Though any implementer can define an extension, there is a set of requirements that SHALL be met as part of the definition of the extension. Applications processing a resource are required to check for modifier extensions.

Modifier extensions SHALL NOT change the meaning of any elements on Resource or DomainResource (including cannot change the meaning of modifierExtension itself).","There can be no stigma associated with the use of extensions by any application, project, or standard - regardless of the institution or jurisdiction that uses or defines the extensions.  The use of extensions is what allows the FHIR specification to retain a core level of simplicity for everyone.","Modifier extensions allow for extensions that *cannot* be safely ignored to be clearly distinguished from the vast majority of extensions which can be safely ignored.  This promotes interoperability by eliminating the need for implementers to prohibit the presence of extensions. For further information, see the [definition of modifier extensions](http://hl7.org/fhir/5.0.0-snapshot3/extensibility.html#modifierExtension).","","","","","","","",,,,,"",,,,"BackboneElement.modifierExtension",0,*,"","ele-1:All FHIR elements must have a @value or children {hasValue() or (children().count() > id.count())}
ext-1:Must have either extensions or value[x], not both {extension.exists() != value.exists()}","N/A"
"SubstanceDefinition.structure.stereochemistry","SubstanceDefinition.structure.stereochemistry","","","",0,1,"","","Y","CodeableConcept {[]} {[]}
","Stereochemistry type","Stereochemistry type.","","","","","","","","","",,"example","The optical rotation type of a substance.","http://hl7.org/fhir/ValueSet/substance-stereochemistry","",,,,"SubstanceDefinition.structure.stereochemistry",0,1,"","ele-1:All FHIR elements must have a @value or children {hasValue() or (children().count() > id.count())}
","Structure.Stereochemistry"
"SubstanceDefinition.structure.opticalActivity","SubstanceDefinition.structure.opticalActivity","","","",0,1,"","","Y","CodeableConcept {[]} {[]}
","Optical activity type","Optical activity type.","","","","","","","","","",,"example","The optical rotation type of a substance.","http://hl7.org/fhir/ValueSet/substance-optical-activity","",,,,"SubstanceDefinition.structure.opticalActivity",0,1,"","ele-1:All FHIR elements must have a @value or children {hasValue() or (children().count() > id.count())}
","Structure.Optical_Activity"
"SubstanceDefinition.structure.molecularFormula","SubstanceDefinition.structure.molecularFormula","","","",0,1,"","","Y","string {[]} {[]}
","Molecular formula (e.g. using the Hill system).","An expression which states the number and type of atoms present in a molecule of a substance.","","","","","","","","","",,,,,"",,,,"SubstanceDefinition.structure.molecularFormula",0,1,"","ele-1:All FHIR elements must have a @value or children {hasValue() or (children().count() > id.count())}
","Structure.Molecular_Formula"
"SubstanceDefinition.structure.molecularFormulaByMoiety","SubstanceDefinition.structure.molecularFormulaByMoiety","","","",0,1,"","","Y","string {[]} {[]}
","Specified per moiety according to the Hill system","Specified per moiety according to the Hill system, i.e. first C, then H, then alphabetical, each moiety separated by a dot.","","","","","","","","","",,,,,"",,,,"SubstanceDefinition.structure.molecularFormulaByMoiety",0,1,"","ele-1:All FHIR elements must have a @value or children {hasValue() or (children().count() > id.count())}
","Structure.Molecular_Formula_By_Moiety"
"SubstanceDefinition.structure.molecularWeight","SubstanceDefinition.structure.molecularWeight","","","",0,1,"","","Y","","The molecular weight or weight range","The molecular weight or weight range (for proteins, polymers or nucleic acids).","","","","","","","","","",,,,,"",,,,"SubstanceDefinition.structure.molecularWeight",0,1,"","ele-1:All FHIR elements must have a @value or children {hasValue() or (children().count() > id.count())}
","Structure.Molecular_Weight"
"SubstanceDefinition.structure.technique","SubstanceDefinition.structure.technique","","","",0,*,"","","Y","CodeableConcept {[]} {[]}
","The method used to find the structure e.g. X-ray, NMR","The method used to elucidate the structure of the drug substance. Examples: X-ray, NMR, Peptide mapping, Ligand binding assay.","","","","","","","","","",,"example","The method used to elucidate the structure of the drug substance.","http://hl7.org/fhir/ValueSet/substance-structure-technique","",,,,"SubstanceDefinition.structure.technique",0,*,"","ele-1:All FHIR elements must have a @value or children {hasValue() or (children().count() > id.count())}
","n/a"
"SubstanceDefinition.structure.sourceDocument","SubstanceDefinition.structure.sourceDocument","","","",0,*,"","","Y","Reference {[]} {[CanonicalType[http://hl7.org/fhir/StructureDefinition/DocumentReference]]}
","Source of information for the structure","The source of information about the structure.","","","","","","","","","",,,,,"",,,,"SubstanceDefinition.structure.sourceDocument",0,*,"","ele-1:All FHIR elements must have a @value or children {hasValue() or (children().count() > id.count())}
","Structure.Reference_Source"
"SubstanceDefinition.structure.representation","SubstanceDefinition.structure.representation","","","",0,*,"","","Y","BackboneElement {[]} {[]}
","A depiction of the structure of the substance","A depiction of the structure of the substance.","","","","","","","","","",,,,,"",,,,"SubstanceDefinition.structure.representation",0,*,"","ele-1:All FHIR elements must have a @value or children {hasValue() or (children().count() > id.count())}
","Structure.Structural_Representation"
"SubstanceDefinition.structure.representation.id","SubstanceDefinition.structure.representation.id","","","",0,1,"","","","string {[]} {[]}
","Unique id for inter-element referencing","Unique id for the element within a resource (for internal references). This may be any string value that does not contain spaces.","","","","","","","","","",,,,,"",,,,"Element.id",0,1,"","","n/a"
"SubstanceDefinition.structure.representation.extension","SubstanceDefinition.structure.representation.extension","","extensions
user content","",0,*,"","","","Extension {[]} {[]}
","Additional content defined by implementations","May be used to represent additional information that is not part of the basic definition of the element. To make the use of extensions safe and manageable, there is a strict set of governance  applied to the definition and use of extensions. Though any implementer can define an extension, there is a set of requirements that SHALL be met as part of the definition of the extension.","There can be no stigma associated with the use of extensions by any application, project, or standard - regardless of the institution or jurisdiction that uses or defines the extensions.  The use of extensions is what allows the FHIR specification to retain a core level of simplicity for everyone.","","","","","","","","",,,,,"",,,,"Element.extension",0,*,"","ele-1:All FHIR elements must have a @value or children {hasValue() or (children().count() > id.count())}
ext-1:Must have either extensions or value[x], not both {extension.exists() != value.exists()}","n/a"
"SubstanceDefinition.structure.representation.modifierExtension","SubstanceDefinition.structure.representation.modifierExtension","","extensions
user contentmodifiers","",0,*,"","Y","Y","Extension {[]} {[]}
","Extensions that cannot be ignored even if unrecognized","May be used to represent additional information that is not part of the basic definition of the element and that modifies the understanding of the element in which it is contained and/or the understanding of the containing element's descendants. Usually modifier elements provide negation or qualification. To make the use of extensions safe and manageable, there is a strict set of governance applied to the definition and use of extensions. Though any implementer can define an extension, there is a set of requirements that SHALL be met as part of the definition of the extension. Applications processing a resource are required to check for modifier extensions.

Modifier extensions SHALL NOT change the meaning of any elements on Resource or DomainResource (including cannot change the meaning of modifierExtension itself).","There can be no stigma associated with the use of extensions by any application, project, or standard - regardless of the institution or jurisdiction that uses or defines the extensions.  The use of extensions is what allows the FHIR specification to retain a core level of simplicity for everyone.","Modifier extensions allow for extensions that *cannot* be safely ignored to be clearly distinguished from the vast majority of extensions which can be safely ignored.  This promotes interoperability by eliminating the need for implementers to prohibit the presence of extensions. For further information, see the [definition of modifier extensions](http://hl7.org/fhir/5.0.0-snapshot3/extensibility.html#modifierExtension).","","","","","","","",,,,,"",,,,"BackboneElement.modifierExtension",0,*,"","ele-1:All FHIR elements must have a @value or children {hasValue() or (children().count() > id.count())}
ext-1:Must have either extensions or value[x], not both {extension.exists() != value.exists()}","N/A"
"SubstanceDefinition.structure.representation.type","SubstanceDefinition.structure.representation.type","","","",0,1,"","","Y","CodeableConcept {[]} {[]}
","The kind of structural representation (e.g. full, partial)","The kind of structural representation (e.g. full, partial).","","","","","","","","","",,"example","A format of a substance representation.","http://hl7.org/fhir/ValueSet/substance-representation-type","",,,,"SubstanceDefinition.structure.representation.type",0,1,"","ele-1:All FHIR elements must have a @value or children {hasValue() or (children().count() > id.count())}
","Structural_Representation.Structural_Representation_Type"
"SubstanceDefinition.structure.representation.representation","SubstanceDefinition.structure.representation.representation","","","",0,1,"","","Y","string {[]} {[]}
","The structural representation as a text string in a standard format","The structural representation as a text string in a standard format.","","","","","","","","","",,,,,"",,,,"SubstanceDefinition.structure.representation.representation",0,1,"","ele-1:All FHIR elements must have a @value or children {hasValue() or (children().count() > id.count())}
","Structural_Representation.Structural_Representation"
"SubstanceDefinition.structure.representation.format","SubstanceDefinition.structure.representation.format","","","",0,1,"","","Y","CodeableConcept {[]} {[]}
","The format of the representation e.g. InChI, SMILES, MOLFILE (note: not the physical file format)","The format of the representation e.g. InChI, SMILES, MOLFILE, CDX, SDF, PDB, mmCIF. The logical content type rather than the physical file format of a document.","","","","","","","","","",,"example","A format of a substance representation.","http://hl7.org/fhir/ValueSet/substance-representation-format","",,,,"SubstanceDefinition.structure.representation.format",0,1,"","ele-1:All FHIR elements must have a @value or children {hasValue() or (children().count() > id.count())}
","n/a"
"SubstanceDefinition.structure.representation.document","SubstanceDefinition.structure.representation.document","","","",0,1,"","","Y","Reference {[]} {[CanonicalType[http://hl7.org/fhir/StructureDefinition/DocumentReference]]}
","An attachment with the structural representation e.g. a structure graphic or AnIML file","An attached file with the structural representation e.g. a molecular structure graphic of the substance, a JCAMP or AnIML file.","","","","","","","","","",,,,,"",,,,"SubstanceDefinition.structure.representation.document",0,1,"","ele-1:All FHIR elements must have a @value or children {hasValue() or (children().count() > id.count())}
","Structural_Representation.Structural_Representation_Attachment"
"SubstanceDefinition.code","SubstanceDefinition.code","","","",0,*,"","","Y","BackboneElement {[]} {[]}
","Codes associated with the substance.","Codes associated with the substance.","","","","","","","","","",,,,,"",,,,"SubstanceDefinition.code",0,*,"","ele-1:All FHIR elements must have a @value or children {hasValue() or (children().count() > id.count())}
","Substance.Substance_Code"
"SubstanceDefinition.code.id","SubstanceDefinition.code.id","","","",0,1,"","","","string {[]} {[]}
","Unique id for inter-element referencing","Unique id for the element within a resource (for internal references). This may be any string value that does not contain spaces.","","","","","","","","","",,,,,"",,,,"Element.id",0,1,"","","n/a"
"SubstanceDefinition.code.extension","SubstanceDefinition.code.extension","","extensions
user content","",0,*,"","","","Extension {[]} {[]}
","Additional content defined by implementations","May be used to represent additional information that is not part of the basic definition of the element. To make the use of extensions safe and manageable, there is a strict set of governance  applied to the definition and use of extensions. Though any implementer can define an extension, there is a set of requirements that SHALL be met as part of the definition of the extension.","There can be no stigma associated with the use of extensions by any application, project, or standard - regardless of the institution or jurisdiction that uses or defines the extensions.  The use of extensions is what allows the FHIR specification to retain a core level of simplicity for everyone.","","","","","","","","",,,,,"",,,,"Element.extension",0,*,"","ele-1:All FHIR elements must have a @value or children {hasValue() or (children().count() > id.count())}
ext-1:Must have either extensions or value[x], not both {extension.exists() != value.exists()}","n/a"
"SubstanceDefinition.code.modifierExtension","SubstanceDefinition.code.modifierExtension","","extensions
user contentmodifiers","",0,*,"","Y","Y","Extension {[]} {[]}
","Extensions that cannot be ignored even if unrecognized","May be used to represent additional information that is not part of the basic definition of the element and that modifies the understanding of the element in which it is contained and/or the understanding of the containing element's descendants. Usually modifier elements provide negation or qualification. To make the use of extensions safe and manageable, there is a strict set of governance applied to the definition and use of extensions. Though any implementer can define an extension, there is a set of requirements that SHALL be met as part of the definition of the extension. Applications processing a resource are required to check for modifier extensions.

Modifier extensions SHALL NOT change the meaning of any elements on Resource or DomainResource (including cannot change the meaning of modifierExtension itself).","There can be no stigma associated with the use of extensions by any application, project, or standard - regardless of the institution or jurisdiction that uses or defines the extensions.  The use of extensions is what allows the FHIR specification to retain a core level of simplicity for everyone.","Modifier extensions allow for extensions that *cannot* be safely ignored to be clearly distinguished from the vast majority of extensions which can be safely ignored.  This promotes interoperability by eliminating the need for implementers to prohibit the presence of extensions. For further information, see the [definition of modifier extensions](http://hl7.org/fhir/5.0.0-snapshot3/extensibility.html#modifierExtension).","","","","","","","",,,,,"",,,,"BackboneElement.modifierExtension",0,*,"","ele-1:All FHIR elements must have a @value or children {hasValue() or (children().count() > id.count())}
ext-1:Must have either extensions or value[x], not both {extension.exists() != value.exists()}","N/A"
"SubstanceDefinition.code.code","SubstanceDefinition.code.code","","","",0,1,"","","Y","CodeableConcept {[]} {[]}
","The specific code","The specific code.","","","","","","","","","",,"preferred","","http://hl7.org/fhir/uv/emedicinal-product-info/ValueSet/substance","",,,,"SubstanceDefinition.code.code",0,1,"","ele-1:All FHIR elements must have a @value or children {hasValue() or (children().count() > id.count())}
","Substance_Code.Code, Substance_Code.Code_System, Substance_Code.Code_System_Id"
"SubstanceDefinition.code.status","SubstanceDefinition.code.status","","","",0,1,"","","Y","CodeableConcept {[]} {[]}
","Status of the code assignment, for example 'provisional', 'approved'","Status of the code assignment, for example 'provisional', 'approved'.","","","","","","","","","",,"preferred","The lifecycle status of an artifact.","http://hl7.org/fhir/ValueSet/publication-status","",,,,"SubstanceDefinition.code.status",0,1,"","ele-1:All FHIR elements must have a @value or children {hasValue() or (children().count() > id.count())}
","Substance_Code.Code_System_Status"
"SubstanceDefinition.code.statusDate","SubstanceDefinition.code.statusDate","","","",0,1,"","","Y","dateTime {[]} {[]}
","The date at which the code status was changed","The date at which the code status was changed as part of the terminology maintenance.","","","","","","","","","",,,,,"",,,,"SubstanceDefinition.code.statusDate",0,1,"","ele-1:All FHIR elements must have a @value or children {hasValue() or (children().count() > id.count())}
","Substance_Code.Code_Change_Date"
"SubstanceDefinition.code.note","SubstanceDefinition.code.note","","","",0,*,"","","Y","Annotation {[]} {[]}
","Any comment can be provided in this field","Any comment can be provided in this field, if necessary.","","","","","","","","","",,,,,"",,,,"SubstanceDefinition.code.note",0,*,"","ele-1:All FHIR elements must have a @value or children {hasValue() or (children().count() > id.count())}
","Substance_Code.Comment"
"SubstanceDefinition.code.source","SubstanceDefinition.code.source","","","",0,*,"","","Y","Reference {[]} {[CanonicalType[http://hl7.org/fhir/StructureDefinition/DocumentReference]]}
","Supporting literature","Supporting literature.","","","","","","","","","",,,,,"",,,,"SubstanceDefinition.code.source",0,*,"","ele-1:All FHIR elements must have a @value or children {hasValue() or (children().count() > id.count())}
","Substance_Code.Reference_Source"
"SubstanceDefinition.name","SubstanceDefinition.name","","","",0,*,"","","Y","BackboneElement {[]} {[]}
","Names applicable to this substance.","Names applicable to this substance.","","","","","","","","","",,,,,"",,,,"SubstanceDefinition.name",0,*,"","ele-1:All FHIR elements must have a @value or children {hasValue() or (children().count() > id.count())}
","Substance.Substance_Name"
"SubstanceDefinition.name.id","SubstanceDefinition.name.id","","","",0,1,"","","","string {[]} {[]}
","Unique id for inter-element referencing","Unique id for the element within a resource (for internal references). This may be any string value that does not contain spaces.","","","","","","","","","",,,,,"",,,,"Element.id",0,1,"","","n/a"
"SubstanceDefinition.name.extension","SubstanceDefinition.name.extension","","extensions
user content","",0,*,"","","","Extension {[]} {[]}
","Additional content defined by implementations","May be used to represent additional information that is not part of the basic definition of the element. To make the use of extensions safe and manageable, there is a strict set of governance  applied to the definition and use of extensions. Though any implementer can define an extension, there is a set of requirements that SHALL be met as part of the definition of the extension.","There can be no stigma associated with the use of extensions by any application, project, or standard - regardless of the institution or jurisdiction that uses or defines the extensions.  The use of extensions is what allows the FHIR specification to retain a core level of simplicity for everyone.","","","","","","","","",,,,,"",,,,"Element.extension",0,*,"","ele-1:All FHIR elements must have a @value or children {hasValue() or (children().count() > id.count())}
ext-1:Must have either extensions or value[x], not both {extension.exists() != value.exists()}","n/a"
"SubstanceDefinition.name.modifierExtension","SubstanceDefinition.name.modifierExtension","","extensions
user contentmodifiers","",0,*,"","Y","Y","Extension {[]} {[]}
","Extensions that cannot be ignored even if unrecognized","May be used to represent additional information that is not part of the basic definition of the element and that modifies the understanding of the element in which it is contained and/or the understanding of the containing element's descendants. Usually modifier elements provide negation or qualification. To make the use of extensions safe and manageable, there is a strict set of governance applied to the definition and use of extensions. Though any implementer can define an extension, there is a set of requirements that SHALL be met as part of the definition of the extension. Applications processing a resource are required to check for modifier extensions.

Modifier extensions SHALL NOT change the meaning of any elements on Resource or DomainResource (including cannot change the meaning of modifierExtension itself).","There can be no stigma associated with the use of extensions by any application, project, or standard - regardless of the institution or jurisdiction that uses or defines the extensions.  The use of extensions is what allows the FHIR specification to retain a core level of simplicity for everyone.","Modifier extensions allow for extensions that *cannot* be safely ignored to be clearly distinguished from the vast majority of extensions which can be safely ignored.  This promotes interoperability by eliminating the need for implementers to prohibit the presence of extensions. For further information, see the [definition of modifier extensions](http://hl7.org/fhir/5.0.0-snapshot3/extensibility.html#modifierExtension).","","","","","","","",,,,,"",,,,"BackboneElement.modifierExtension",0,*,"","ele-1:All FHIR elements must have a @value or children {hasValue() or (children().count() > id.count())}
ext-1:Must have either extensions or value[x], not both {extension.exists() != value.exists()}","N/A"
"SubstanceDefinition.name.name","SubstanceDefinition.name.name","","","",1,1,"","","Y","string {[]} {[]}
","International Non-Proprietary Name (INN) of the substance.","The actual name.","","","","","","","","","",,,,,"",,,,"SubstanceDefinition.name.name",1,1,"","ele-1:All FHIR elements must have a @value or children {hasValue() or (children().count() > id.count())}
","Substance_Name.Substance_Name"
"SubstanceDefinition.name.type","SubstanceDefinition.name.type","","","",0,1,"","","Y","CodeableConcept {[]} {[]}
","Name type e.g. 'systematic',  'scientific, 'brand'","Name type, for example 'systematic',  'scientific, 'brand'.","","","","","","","","","",,"example","The type of a name given to a substance.","http://hl7.org/fhir/ValueSet/substance-name-type","",,,,"SubstanceDefinition.name.type",0,1,"","ele-1:All FHIR elements must have a @value or children {hasValue() or (children().count() > id.count())}
","Substance_Name.Substance_Name_Type"
"SubstanceDefinition.name.status","SubstanceDefinition.name.status","","","",0,1,"","","Y","CodeableConcept {[]} {[]}
","The status of the name e.g. 'current', 'proposed'","The status of the name, for example 'current', 'proposed'.","","","","","","","","","",,"preferred","The lifecycle status of an artifact.","http://hl7.org/fhir/ValueSet/publication-status","",,,,"SubstanceDefinition.name.status",0,1,"","ele-1:All FHIR elements must have a @value or children {hasValue() or (children().count() > id.count())}
","n/a"
"SubstanceDefinition.name.preferred","SubstanceDefinition.name.preferred","","","",0,1,"","","Y","boolean {[]} {[]}
","If this is the preferred name for this substance","If this is the preferred name for this substance.","","","","If this value is not present, there is no statement being made about whether this is the preferred name or not. No inference can be made","","","","","",,,,,"",,,,"SubstanceDefinition.name.preferred",0,1,"","ele-1:All FHIR elements must have a @value or children {hasValue() or (children().count() > id.count())}
","n/a"
"SubstanceDefinition.name.language","SubstanceDefinition.name.language","","","",0,*,"","","Y","CodeableConcept {[]} {[]}
","Human language that the name is written in","Human language that the name is written in.","","","","","","","","","",,"preferred","IETF language tag","http://hl7.org/fhir/ValueSet/languages","",,,,"SubstanceDefinition.name.language",0,*,"","ele-1:All FHIR elements must have a @value or children {hasValue() or (children().count() > id.count())}
","Substance_Name.Language"
"SubstanceDefinition.name.domain","SubstanceDefinition.name.domain","","","",0,*,"","","Y","CodeableConcept {[]} {[]}
","The use context of this name e.g. as an active ingredient or as a food colour additive","The use context of this name for example if there is a different name a drug active ingredient as opposed to a food colour additive.","","","","","","","","","",,"example","The use context of a substance name for example if there is a different name when used as a drug active ingredient as opposed to a food colour additive.","http://hl7.org/fhir/ValueSet/substance-name-domain","",,,,"SubstanceDefinition.name.domain",0,*,"","ele-1:All FHIR elements must have a @value or children {hasValue() or (children().count() > id.count())}
","Substance_Name.Substance_Name_Domain"
"SubstanceDefinition.name.jurisdiction","SubstanceDefinition.name.jurisdiction","","","",0,*,"","","Y","CodeableConcept {[]} {[]}
","The jurisdiction where this name applies","The jurisdiction where this name applies.","","","","","","","","","",,"example","Jurisdiction codes","http://hl7.org/fhir/ValueSet/jurisdiction","",,,,"SubstanceDefinition.name.jurisdiction",0,*,"","ele-1:All FHIR elements must have a @value or children {hasValue() or (children().count() > id.count())}
","Substance_Name.Jurisdiction"
"SubstanceDefinition.name.synonym","SubstanceDefinition.name.synonym","","","",0,*,"","","Y","","A synonym of this particular name, by which the substance is also known","A synonym of this particular name, by which the substance is also known.","","","","","","","","","",,,,,"",,,,"SubstanceDefinition.name.synonym",0,*,"","ele-1:All FHIR elements must have a @value or children {hasValue() or (children().count() > id.count())}
","n/a"
"SubstanceDefinition.name.translation","SubstanceDefinition.name.translation","","","",0,*,"","","Y","","A translation for this name into another human language","A translation for this name into another human language.","","","","","","","","","",,,,,"",,,,"SubstanceDefinition.name.translation",0,*,"","ele-1:All FHIR elements must have a @value or children {hasValue() or (children().count() > id.count())}
","n/a"
"SubstanceDefinition.name.official","SubstanceDefinition.name.official","","","",0,*,"","","Y","BackboneElement {[]} {[]}
","Details of the official nature of this name","Details of the official nature of this name.","","","","","","","","","",,,,,"",,,,"SubstanceDefinition.name.official",0,*,"","ele-1:All FHIR elements must have a @value or children {hasValue() or (children().count() > id.count())}
","Substance_Name.Official_Name"
"SubstanceDefinition.name.official.id","SubstanceDefinition.name.official.id","","","",0,1,"","","","string {[]} {[]}
","Unique id for inter-element referencing","Unique id for the element within a resource (for internal references). This may be any string value that does not contain spaces.","","","","","","","","","",,,,,"",,,,"Element.id",0,1,"","","n/a"
"SubstanceDefinition.name.official.extension","SubstanceDefinition.name.official.extension","","extensions
user content","",0,*,"","","","Extension {[]} {[]}
","Additional content defined by implementations","May be used to represent additional information that is not part of the basic definition of the element. To make the use of extensions safe and manageable, there is a strict set of governance  applied to the definition and use of extensions. Though any implementer can define an extension, there is a set of requirements that SHALL be met as part of the definition of the extension.","There can be no stigma associated with the use of extensions by any application, project, or standard - regardless of the institution or jurisdiction that uses or defines the extensions.  The use of extensions is what allows the FHIR specification to retain a core level of simplicity for everyone.","","","","","","","","",,,,,"",,,,"Element.extension",0,*,"","ele-1:All FHIR elements must have a @value or children {hasValue() or (children().count() > id.count())}
ext-1:Must have either extensions or value[x], not both {extension.exists() != value.exists()}","n/a"
"SubstanceDefinition.name.official.modifierExtension","SubstanceDefinition.name.official.modifierExtension","","extensions
user contentmodifiers","",0,*,"","Y","Y","Extension {[]} {[]}
","Extensions that cannot be ignored even if unrecognized","May be used to represent additional information that is not part of the basic definition of the element and that modifies the understanding of the element in which it is contained and/or the understanding of the containing element's descendants. Usually modifier elements provide negation or qualification. To make the use of extensions safe and manageable, there is a strict set of governance applied to the definition and use of extensions. Though any implementer can define an extension, there is a set of requirements that SHALL be met as part of the definition of the extension. Applications processing a resource are required to check for modifier extensions.

Modifier extensions SHALL NOT change the meaning of any elements on Resource or DomainResource (including cannot change the meaning of modifierExtension itself).","There can be no stigma associated with the use of extensions by any application, project, or standard - regardless of the institution or jurisdiction that uses or defines the extensions.  The use of extensions is what allows the FHIR specification to retain a core level of simplicity for everyone.","Modifier extensions allow for extensions that *cannot* be safely ignored to be clearly distinguished from the vast majority of extensions which can be safely ignored.  This promotes interoperability by eliminating the need for implementers to prohibit the presence of extensions. For further information, see the [definition of modifier extensions](http://hl7.org/fhir/5.0.0-snapshot3/extensibility.html#modifierExtension).","","","","","","","",,,,,"",,,,"BackboneElement.modifierExtension",0,*,"","ele-1:All FHIR elements must have a @value or children {hasValue() or (children().count() > id.count())}
ext-1:Must have either extensions or value[x], not both {extension.exists() != value.exists()}","N/A"
"SubstanceDefinition.name.official.authority","SubstanceDefinition.name.official.authority","","","",0,1,"","","Y","CodeableConcept {[]} {[]}
","Which authority uses this official name","Which authority uses this official name.","","","","","","","","","",,"preferred","An authority that officates substance names.","http://hl7.org/fhir/ValueSet/substance-name-authority","",,,,"SubstanceDefinition.name.official.authority",0,1,"","ele-1:All FHIR elements must have a @value or children {hasValue() or (children().count() > id.count())}
","Official_Name.Official_Name_Type"
"SubstanceDefinition.name.official.status","SubstanceDefinition.name.official.status","","","",0,1,"","","Y","CodeableConcept {[]} {[]}
","The status of the official name, for example 'draft', 'active'","The status of the official name, for example 'draft', 'active', 'retired'.","","","","","","","","","",,"preferred","The lifecycle status of an artifact.","http://hl7.org/fhir/ValueSet/publication-status","",,,,"SubstanceDefinition.name.official.status",0,1,"","ele-1:All FHIR elements must have a @value or children {hasValue() or (children().count() > id.count())}
","Official_Name.Official_Name_Status"
"SubstanceDefinition.name.official.date","SubstanceDefinition.name.official.date","","","",0,1,"","","Y","dateTime {[]} {[]}
","Date of official name change","Date of the official name change.","","","","","","","","","",,,,,"",,,,"SubstanceDefinition.name.official.date",0,1,"","ele-1:All FHIR elements must have a @value or children {hasValue() or (children().count() > id.count())}
","Official_Name.Official_Name_Status_Change_Date"
"SubstanceDefinition.name.source","SubstanceDefinition.name.source","","","",0,*,"","","Y","Reference {[]} {[CanonicalType[http://hl7.org/fhir/StructureDefinition/DocumentReference]]}
","Supporting literature","Supporting literature.","","","","","","","","","",,,,,"",,,,"SubstanceDefinition.name.source",0,*,"","ele-1:All FHIR elements must have a @value or children {hasValue() or (children().count() > id.count())}
","Substance_Name.Reference_Source"
"SubstanceDefinition.relationship","SubstanceDefinition.relationship","","","",0,*,"","","Y","BackboneElement {[]} {[]}
","A link between this substance and another","A link between this substance and another, with details of the relationship.","","","","","","","","","",,,,,"",,,,"SubstanceDefinition.relationship",0,*,"","ele-1:All FHIR elements must have a @value or children {hasValue() or (children().count() > id.count())}
","Substance.Reference_Information.Relationship"
"SubstanceDefinition.relationship.id","SubstanceDefinition.relationship.id","","","",0,1,"","","","string {[]} {[]}
","Unique id for inter-element referencing","Unique id for the element within a resource (for internal references). This may be any string value that does not contain spaces.","","","","","","","","","",,,,,"",,,,"Element.id",0,1,"","","n/a"
"SubstanceDefinition.relationship.extension","SubstanceDefinition.relationship.extension","","extensions
user content","",0,*,"","","","Extension {[]} {[]}
","Additional content defined by implementations","May be used to represent additional information that is not part of the basic definition of the element. To make the use of extensions safe and manageable, there is a strict set of governance  applied to the definition and use of extensions. Though any implementer can define an extension, there is a set of requirements that SHALL be met as part of the definition of the extension.","There can be no stigma associated with the use of extensions by any application, project, or standard - regardless of the institution or jurisdiction that uses or defines the extensions.  The use of extensions is what allows the FHIR specification to retain a core level of simplicity for everyone.","","","","","","","","",,,,,"",,,,"Element.extension",0,*,"","ele-1:All FHIR elements must have a @value or children {hasValue() or (children().count() > id.count())}
ext-1:Must have either extensions or value[x], not both {extension.exists() != value.exists()}","n/a"
"SubstanceDefinition.relationship.modifierExtension","SubstanceDefinition.relationship.modifierExtension","","extensions
user contentmodifiers","",0,*,"","Y","Y","Extension {[]} {[]}
","Extensions that cannot be ignored even if unrecognized","May be used to represent additional information that is not part of the basic definition of the element and that modifies the understanding of the element in which it is contained and/or the understanding of the containing element's descendants. Usually modifier elements provide negation or qualification. To make the use of extensions safe and manageable, there is a strict set of governance applied to the definition and use of extensions. Though any implementer can define an extension, there is a set of requirements that SHALL be met as part of the definition of the extension. Applications processing a resource are required to check for modifier extensions.

Modifier extensions SHALL NOT change the meaning of any elements on Resource or DomainResource (including cannot change the meaning of modifierExtension itself).","There can be no stigma associated with the use of extensions by any application, project, or standard - regardless of the institution or jurisdiction that uses or defines the extensions.  The use of extensions is what allows the FHIR specification to retain a core level of simplicity for everyone.","Modifier extensions allow for extensions that *cannot* be safely ignored to be clearly distinguished from the vast majority of extensions which can be safely ignored.  This promotes interoperability by eliminating the need for implementers to prohibit the presence of extensions. For further information, see the [definition of modifier extensions](http://hl7.org/fhir/5.0.0-snapshot3/extensibility.html#modifierExtension).","","","","","","","",,,,,"",,,,"BackboneElement.modifierExtension",0,*,"","ele-1:All FHIR elements must have a @value or children {hasValue() or (children().count() > id.count())}
ext-1:Must have either extensions or value[x], not both {extension.exists() != value.exists()}","N/A"
"SubstanceDefinition.relationship.substanceDefinition[x]","SubstanceDefinition.relationship.substanceDefinition[x]","","","",0,1,"","","Y","Reference {[]} {[CanonicalType[http://hl7.org/fhir/StructureDefinition/SubstanceDefinition]]}
CodeableConcept {[]} {[]}","A pointer to another substance, as a resource or a representational code","A pointer to another substance, as a resource or just a representational code.","","","","","","","","","",,,,,"",,,,"SubstanceDefinition.relationship.substanceDefinition[x]",0,1,"","ele-1:All FHIR elements must have a @value or children {hasValue() or (children().count() > id.count())}
","Substance_Relationship.Related_Substance_Id"
"SubstanceDefinition.relationship.type","SubstanceDefinition.relationship.type","","","",1,1,"","","Y","CodeableConcept {[]} {[]}
","For example ""salt to parent"", ""active moiety""","For example ""salt to parent"", ""active moiety"", ""starting material"", ""polymorph"", ""impurity of"".","","","","","","","","","",,"example","The relationship between two substance types.","http://hl7.org/fhir/ValueSet/substance-relationship-type","",,,,"SubstanceDefinition.relationship.type",1,1,"","ele-1:All FHIR elements must have a @value or children {hasValue() or (children().count() > id.count())}
","Substance_Relationship.Relationship_Type"
"SubstanceDefinition.relationship.isDefining","SubstanceDefinition.relationship.isDefining","","","",0,1,"","","Y","boolean {[]} {[]}
","For example where an enzyme strongly bonds with a particular substance, this is a defining relationship for that enzyme, out of several possible relationships","For example where an enzyme strongly bonds with a particular substance, this is a defining relationship for that enzyme, out of several possible substance relationships.","","","","If this value is not present, there is no statement being made about whether this is a defining relationship or not. No inference can be made","","","","","",,,,,"",,,,"SubstanceDefinition.relationship.isDefining",0,1,"","ele-1:All FHIR elements must have a @value or children {hasValue() or (children().count() > id.count())}
","Substance_Relationship.Is_Defining"
"SubstanceDefinition.relationship.amount[x]","SubstanceDefinition.relationship.amount[x]","","","",0,1,"","","Y","Quantity {[]} {[]}
Ratio {[]} {[]}string {[]} {[]}","A numeric factor for the relationship, e.g. that a substance salt has some percentage of active substance in relation to some other","A numeric factor for the relationship, for instance to express that the salt of a substance has some percentage of the active substance in relation to some other.","","","","","","","","","",,,,,"",,,,"SubstanceDefinition.relationship.amount[x]",0,1,"","ele-1:All FHIR elements must have a @value or children {hasValue() or (children().count() > id.count())}
","Substance_Relationship.Amount.Quantity"
"SubstanceDefinition.relationship.ratioHighLimitAmount","SubstanceDefinition.relationship.ratioHighLimitAmount","","","",0,1,"","","Y","Ratio {[]} {[]}
","For use when the numeric has an uncertain range","For use when the numeric has an uncertain range.","","","","","","","","","",,,,,"",,,,"SubstanceDefinition.relationship.ratioHighLimitAmount",0,1,"","ele-1:All FHIR elements must have a @value or children {hasValue() or (children().count() > id.count())}
","Substance_Relationship.Amount.Quantity.High_Limit"
"SubstanceDefinition.relationship.comparator","SubstanceDefinition.relationship.comparator","","","",0,1,"","","Y","CodeableConcept {[]} {[]}
","An operator for the amount, for example ""average"", ""approximately"", ""less than""","An operator for the amount, for example ""average"", ""approximately"", ""less than"".","","","","","","","","","",,"example","The relationship between two substance types.","http://hl7.org/fhir/ValueSet/substance-amount-type","",,,,"SubstanceDefinition.relationship.comparator",0,1,"","ele-1:All FHIR elements must have a @value or children {hasValue() or (children().count() > id.count())}
","Substance_Relationship.Amount_Type"
"SubstanceDefinition.relationship.source","SubstanceDefinition.relationship.source","","","",0,*,"","","Y","Reference {[]} {[CanonicalType[http://hl7.org/fhir/StructureDefinition/DocumentReference]]}
","Supporting literature","Supporting literature.","","","","","","","","","",,,,,"",,,,"SubstanceDefinition.relationship.source",0,*,"","ele-1:All FHIR elements must have a @value or children {hasValue() or (children().count() > id.count())}
","Substance_Relationship.Reference_Source"
"SubstanceDefinition.nucleicAcid","SubstanceDefinition.nucleicAcid","","","",0,1,"","","Y","Reference {[]} {[CanonicalType[http://hl7.org/fhir/StructureDefinition/SubstanceNucleicAcid]]}
","Data items specific to nucleic acids","Data items specific to nucleic acids.","","","","","","","","","",,,,,"",,,,"SubstanceDefinition.nucleicAcid",0,1,"","ele-1:All FHIR elements must have a @value or children {hasValue() or (children().count() > id.count())}
","(used to add specifics of Nucleic Acids to Substances)"
"SubstanceDefinition.polymer","SubstanceDefinition.polymer","","","",0,1,"","","Y","Reference {[]} {[CanonicalType[http://hl7.org/fhir/StructureDefinition/SubstancePolymer]]}
","Data items specific to polymers","Data items specific to polymers.","","","","","","","","","",,,,,"",,,,"SubstanceDefinition.polymer",0,1,"","ele-1:All FHIR elements must have a @value or children {hasValue() or (children().count() > id.count())}
","(used to  add specifics of Polymers to Substances)"
"SubstanceDefinition.protein","SubstanceDefinition.protein","","","",0,1,"","","Y","Reference {[]} {[CanonicalType[http://hl7.org/fhir/StructureDefinition/SubstanceProtein]]}
","Data items specific to proteins","Data items specific to proteins.","","","","","","","","","",,,,,"",,,,"SubstanceDefinition.protein",0,1,"","ele-1:All FHIR elements must have a @value or children {hasValue() or (children().count() > id.count())}
","(used to  add specifics of Proteins to Substances)"
"SubstanceDefinition.sourceMaterial","SubstanceDefinition.sourceMaterial","","","",0,1,"","","Y","BackboneElement {[]} {[]}
","Material or taxonomic/anatomical source","Material or taxonomic/anatomical source for the substance.","","","","","","","","","",,,,,"",,,,"SubstanceDefinition.sourceMaterial",0,1,"","ele-1:All FHIR elements must have a @value or children {hasValue() or (children().count() > id.count())}
","Substance.Source_Material"
"SubstanceDefinition.sourceMaterial.id","SubstanceDefinition.sourceMaterial.id","","","",0,1,"","","","string {[]} {[]}
","Unique id for inter-element referencing","Unique id for the element within a resource (for internal references). This may be any string value that does not contain spaces.","","","","","","","","","",,,,,"",,,,"Element.id",0,1,"","","n/a"
"SubstanceDefinition.sourceMaterial.extension","SubstanceDefinition.sourceMaterial.extension","","extensions
user content","",0,*,"","","","Extension {[]} {[]}
","Additional content defined by implementations","May be used to represent additional information that is not part of the basic definition of the element. To make the use of extensions safe and manageable, there is a strict set of governance  applied to the definition and use of extensions. Though any implementer can define an extension, there is a set of requirements that SHALL be met as part of the definition of the extension.","There can be no stigma associated with the use of extensions by any application, project, or standard - regardless of the institution or jurisdiction that uses or defines the extensions.  The use of extensions is what allows the FHIR specification to retain a core level of simplicity for everyone.","","","","","","","","",,,,,"",,,,"Element.extension",0,*,"","ele-1:All FHIR elements must have a @value or children {hasValue() or (children().count() > id.count())}
ext-1:Must have either extensions or value[x], not both {extension.exists() != value.exists()}","n/a"
"SubstanceDefinition.sourceMaterial.modifierExtension","SubstanceDefinition.sourceMaterial.modifierExtension","","extensions
user contentmodifiers","",0,*,"","Y","Y","Extension {[]} {[]}
","Extensions that cannot be ignored even if unrecognized","May be used to represent additional information that is not part of the basic definition of the element and that modifies the understanding of the element in which it is contained and/or the understanding of the containing element's descendants. Usually modifier elements provide negation or qualification. To make the use of extensions safe and manageable, there is a strict set of governance applied to the definition and use of extensions. Though any implementer can define an extension, there is a set of requirements that SHALL be met as part of the definition of the extension. Applications processing a resource are required to check for modifier extensions.

Modifier extensions SHALL NOT change the meaning of any elements on Resource or DomainResource (including cannot change the meaning of modifierExtension itself).","There can be no stigma associated with the use of extensions by any application, project, or standard - regardless of the institution or jurisdiction that uses or defines the extensions.  The use of extensions is what allows the FHIR specification to retain a core level of simplicity for everyone.","Modifier extensions allow for extensions that *cannot* be safely ignored to be clearly distinguished from the vast majority of extensions which can be safely ignored.  This promotes interoperability by eliminating the need for implementers to prohibit the presence of extensions. For further information, see the [definition of modifier extensions](http://hl7.org/fhir/5.0.0-snapshot3/extensibility.html#modifierExtension).","","","","","","","",,,,,"",,,,"BackboneElement.modifierExtension",0,*,"","ele-1:All FHIR elements must have a @value or children {hasValue() or (children().count() > id.count())}
ext-1:Must have either extensions or value[x], not both {extension.exists() != value.exists()}","N/A"
"SubstanceDefinition.sourceMaterial.type","SubstanceDefinition.sourceMaterial.type","","","",0,1,"","","Y","CodeableConcept {[]} {[]}
","Classification of the origin of the raw material. e.g. cat hair is an Animal source type","A classification that provides the origin of the raw material. Example: cat hair would be an Animal source type.","","","","","","","","","",,"example","A classification that provides the origin of the substance raw material.","http://hl7.org/fhir/ValueSet/substance-source-material-type","",,,,"SubstanceDefinition.sourceMaterial.type",0,1,"","ele-1:All FHIR elements must have a @value or children {hasValue() or (children().count() > id.count())}
","Source_Material.Source_Material_Type"
"SubstanceDefinition.sourceMaterial.genus","SubstanceDefinition.sourceMaterial.genus","","","",0,1,"","","Y","CodeableConcept {[]} {[]}
","The genus of an organism e.g. the Latin epithet of the plant/animal scientific name","The genus of an organism, typically referring to the Latin epithet of the genus element of the plant/animal scientific name.","","","","","","","","","",,"example","The genus of an organism, typically referring to the Latin epithet of the genus element of the plant/animal scientific name.","http://hl7.org/fhir/ValueSet/substance-source-material-genus","",,,,"SubstanceDefinition.sourceMaterial.genus",0,1,"","ele-1:All FHIR elements must have a @value or children {hasValue() or (children().count() > id.count())}
","Source_Material.Organism.Genus"
"SubstanceDefinition.sourceMaterial.species","SubstanceDefinition.sourceMaterial.species","","","",0,1,"","","Y","CodeableConcept {[]} {[]}
","The species of an organism e.g. the Latin epithet of the species of the plant/animal","The species of an organism, typically referring to the Latin epithet of the species of the plant/animal.","","","","","","","","","",,"example","A species of origin a substance raw material.","http://hl7.org/fhir/ValueSet/substance-source-material-species","",,,,"SubstanceDefinition.sourceMaterial.species",0,1,"","ele-1:All FHIR elements must have a @value or children {hasValue() or (children().count() > id.count())}
","Source_Material.Organism.Species"
"SubstanceDefinition.sourceMaterial.part","SubstanceDefinition.sourceMaterial.part","","","",0,1,"","","Y","CodeableConcept {[]} {[]}
","An anatomical origin of the source material within an organism","An anatomical origin of the source material within an organism.","","","","","","","","","",,"example","An anatomical origin of the source material within an organism.","http://hl7.org/fhir/ValueSet/substance-source-material-part","",,,,"SubstanceDefinition.sourceMaterial.part",0,1,"","ele-1:All FHIR elements must have a @value or children {hasValue() or (children().count() > id.count())}
","Source_Material.Part_Description.Part"
"SubstanceDefinition.sourceMaterial.countryOfOrigin","SubstanceDefinition.sourceMaterial.countryOfOrigin","","","",0,*,"","","Y","CodeableConcept {[]} {[]}
","The country or countries where the material is harvested","The country or countries where the material is harvested.","","","","","","","","","",,"required","Jurisdiction codes","http://hl7.org/fhir/ValueSet/country|5.0.0-snapshot3","",,,,"SubstanceDefinition.sourceMaterial.countryOfOrigin",0,*,"","ele-1:All FHIR elements must have a @value or children {hasValue() or (children().count() > id.count())}
","Source_Material.Country_Of_Origin"
